epoch,loss,val_loss
0,17.18687629699707,11.70942497253418
0,11.943089485168457,11.445526123046875
0,11.921996116638184,11.424891471862793
0,13.04887580871582,10.946504592895508
