epoch,loss,val_loss
0,17.18687629699707,11.70942497253418
0,11.943089485168457,11.445526123046875
